<?xml version="1.0" encoding="UTF-8"?>
<project-private xmlns="http://www.netbeans.org/ns/project-private/1">
    <editor-bookmarks xmlns="http://www.netbeans.org/ns/editor-bookmarks/2" lastBookmarkId="0"/>
    <open-files xmlns="http://www.netbeans.org/ns/projectui-open-files/2">
        <group>
            <file>file:/E:/Schoolwork/Year%202/Semester%201/OOP%202/Classwork/Bankaccount/Banking%20DB/src/bank/Registration.java</file>
            <file>file:/E:/Schoolwork/Year%202/Semester%201/OOP%202/Classwork/Bankaccount/Banking%20DB/src/bank/Login.java</file>
            <file>file:/E:/Schoolwork/Year%202/Semester%201/OOP%202/Classwork/Bankaccount/Banking%20DB/src/bank/Account.java</file>
            <file>file:/E:/Schoolwork/Year%202/Semester%201/OOP%202/Classwork/Bankaccount/Banking%20DB/src/bank/CreateAccount.java</file>
            <file>file:/E:/Schoolwork/Year%202/Semester%201/OOP%202/Classwork/Bankaccount/Banking%20DB/src/bank/Accountservices.java</file>
        </group>
    </open-files>
</project-private>
